Type	x.0.m.cx	x.0.m.cy	x.0.m.majoraxis	x.0.m.eccentricity	x.0.m.theta	x.0.s.area	x.0.s.perimeter	x.0.s.radius.mean	x.0.s.radius.sd	x.0.s.radius.min	x.0.s.radius.max	x.a.b.mean	x.a.b.sd	x.a.b.mad	x.a.b.q001	x.a.b.q005	x.a.b.q05	x.a.b.q095	x.a.b.q099	x.a.m.cx	x.a.m.cy	x.a.m.majoraxis	x.a.m.eccentricity	x.a.m.theta	x.Ba.b.mean	x.Ba.b.sd	x.Ba.b.mad	x.Ba.b.q001	x.Ba.b.q005	x.Ba.b.q05	x.Ba.b.q095	x.Ba.b.q099	x.Ba.m.cx	x.Ba.m.cy	x.Ba.m.majoraxis	x.Ba.m.eccentricity	x.Ba.m.theta	h.asm.s1	h.con.s1	h.cor.s1	h.var.s1	h.idm.s1	h.sav.s1	h.sva.s1	h.sen.s1	h.ent.s1	h.dva.s1	h.den.s1	h.f12.s1	h.f13.s1	h.asm.s2	h.con.s2	h.cor.s2	h.var.s2	h.idm.s2	h.sav.s2	h.sva.s2	h.sen.s2	h.ent.s2	h.dva.s2	h.den.s2	h.f12.s2	h.f13.s2	
C1	unidentified	14,6364902506964	14,0013927576602	35,4825532122726	0,565212148222349	-0,702434535800966	718	193	15,0862291022786	3,87096778246633	7,33234401897412	22,973324346008	0,530744442623846	0,165779925048155	0,180237647058824	0,224196078431373	0,258823529411765	0,537254901960784	0,796078431372549	0,886274509803922	13,833669500072	13,5779323687406	35,0083716451493	0,558574576715188	-0,717497209770037	0,45683087971872	0,624225934486935	0,639745335823585	-0,912025671182222	-0,548505475031024	0,459080458436616	1,44206216238313	1,95287413104147	13,0026045345338	12,8558884487973	37,2259312327491	0,513354294344984	-0,938344456819143	0,004265511084266	28,7336804164998	0,477239022267141	28,4826179080095	0,258788633634021	34,1321585903084	1142,75885274809	1,5505370601796	2,49990577376325	28,7336804164998	1,06753821264029	0,081311667575236	0,436970249172928	0,004587345197726	43,2470978441128	0,21193954364056	28,4389467807453	0,197178043452535	34,3847429519071	1147,61116972841	1,50462007425445	2,43992535951518	43,2470978441128	1,14826570435515	0,102095299103647	0,480497264464822
C2	artifact	112,12725090036	15,7262905162065	47,413393307382	0,78362861625269	-0,227359169885298	833	174	16,3828342726809	5,1882566832549	1,50505599651606	26,3944595020096	0,376950780312125	0,011466744502441	0,011628235294118	0,349019607843137	0,35921568627451	0,376470588235294	0,396078431372549	0,403921568627451	112,101248907206	15,6913076058449	47,3126447230999	0,783539983912244	-0,226946586530572	0,218404163279983	0,114662049423139	0,030379769130513	0,093480759820686	0,148372864427606	0,194694224129575	0,409057340873715	0,788622565776694	111,836285739213	14,2296667224517	45,2009857244871	0,700459185028534	-0,237241497620265	0,589426040432603	0,272272272272272	0,041595178097319	1,1420445025161	0,883436377554025	24,1908575241909	570,073818689862	0,320836306100795	0,405744221866235	0,272272272272272	0,252481173702193	0,011207516979137	0,06754680607603	0,585318081624884	0,254649499284692	-0,043423568481225	1,1220259475523	0,879542203147353	24,2231759656652	573,025107768427	0,290109854581546	0,376209791682103	0,254649499284692	0,24977721189392	0,003805115786265	0,037857925408263
C3	spiky	446,063543003851	20,1084724005135	49,9467777177789	0,493260132172757	0,421083466234974	1558	261	22,1521692427747	2,97227664865262	13,910174203612	28,1347781812777	0,510002768758338	0,137416433330924	0,142445882352941	0,239764705882353	0,298039215686275	0,5	0,752941176470588	0,856588235294118	446,483523262873	19,6196259975619	49,6667689177361	0,496373123031538	0,46546436908379	0,386712312087926	0,453306844705799	0,450431630199632	-0,702828437518403	-0,324869229243969	0,37957003763958	1,14268961671038	1,46184172395027	446,247759031977	18,7355575619788	52,3895729794285	0,452217150946984	0,55598406173834	0,004733487319583	26,5085844428872	0,294765444617623	19,7941616307458	0,240827097697955	32,8943587946742	1037,02731999954	1,45617726457543	2,44806730981332	26,5085844428872	1,05016492464537	0,030187887420474	0,268865327652643	0,004684652061742	36,0252225519288	0,072962889952336	20,4303022831935	0,206839334752308	33,2433234421365	1054,57843190021	1,4175093077052	2,42550449227199	36,0252225519288	1,11191374487041	0,047023404913785	0,332021644567833
C4	regular	534,14368556701	35,8534149484536	72,0533642122789	0,44766735933168	0,814239004493183	3104	766	31,1486469161801	5,54624826922493	10,814946436272	41,7507791218445	0,495057610673135	0,151546365500654	0,156981176470588	0,203921568627451	0,250980392156863	0,490196078431373	0,749019607843137	0,850980392156863	534,674225720177	36,0270334415385	72,0084664218453	0,461535481196514	0,826832434343506	0,37058003109335	0,535800617855092	0,535893947871291	-0,814424037615434	-0,538544934381776	0,388997270227704	1,25249837048823	1,62238342777346	534,692851471168	36,8512431200672	77,114833295191	0,407636671694778	1,03491948641377	0,003967438203168	28,6781682447196	0,376832747232009	24,0100090443911	0,247626482245174	31,827658412236	982,452222901666	1,51115539871508	2,5142938430781	28,6781682447196	1,06683974491691	0,040947127588546	0,315863882825688	0,00382060745867	38,9050980392157	0,136647249394153	23,5314033064206	0,191384971240233	32,078431372549	988,361006474136	1,46568090337901	2,5200434111911	38,9050980392157	1,12872733090785	0,022977496721597	0,238525962861756
C5	unidentified	617,098389982111	9,43291592128801	47,8351684874626	0,916353654375704	-0,104937824805685	559	168	14,0703428434247	5,68270466038397	1,67976359218303	25,216919603652	0,476579325826932	0,11719962238984	0,110468235294118	0,243137254901961	0,313725490196078	0,466666666666667	0,67843137254902	0,804313725490195	617,549901374864	9,24804957753113	47,3973736847176	0,913322491369842	-0,110746367213741	0,460007756340987	0,445026243846767	0,438725302265522	-0,417538199755566	-0,164366722900086	0,424146897449007	1,2606465596333	1,72567919605805	617,717567743987	8,60787509264487	49,9224277314288	0,899971487812568	-0,098384932262403	0,007362538206065	20,8398760330579	0,258370769648306	15,0500638190697	0,261076508170182	30,7086776859504	895,894528374748	1,37381533530137	2,28013387325474	20,8398760330579	0,99753010429855	0,041732258524082	0,304318965852174	0,009092350376536	20,4505747126437	0,164909703228908	13,2445289998679	0,262983549837617	30,4459770114943	876,56098167266	1,32496328625055	2,13259341908045	20,4505747126437	0,986916067333414	0,068502507781218	0,374678132490834
C6	regular	765,666960352423	21,8822320117474	98,8129927365117	0,826983583031755	0,051941521830915	3405	521	35,1088136693777	11,9130721948495	7,97854668941941	61,5929054198793	0,528600961676888	0,177882933106727	0,209308235294118	0,196235294117647	0,254901960784314	0,525490196078431	0,827450980392157	0,909647058823529	765,794370450421	21,1062550792969	98,7926028796671	0,83577377683341	0,058235129645301	0,429568756806227	0,605609503412135	0,620183540332172	-0,946580110907272	-0,547288162226586	0,424436423058381	1,43107622643681	1,84485119319229	764,198818507106	19,9559303289028	108,627442367408	0,832861593699397	0,095887914919446	0,002929404710163	36,6513629842181	0,408706545926658	31,9925323303786	0,228954882579033	33,9851745576279	1137,37115531998	1,58066269611881	2,62437323932014	36,6513629842181	1,1158996155308	0,045228219642574	0,33816802020905	0,002924962107101	50,668802698145	0,186752970433047	32,1521597103931	0,174501159526446	34,2418212478921	1143,06447331559	1,54434982926156	2,62676907548613	50,668802698145	1,18297534139284	0,032055281576914	0,286381221775791
C7	unidentified	978,362255965293	10,0303687635575	39,6149032594986	0,868176822722223	-0,347940582561749	461	186	12,9519392930448	4,70697160062217	3,97914844961719	24,2630137748355	0,498575135043171	0,147198500357334	0,151167058823529	0,215686274509804	0,27843137254902	0,47843137254902	0,756862745098039	0,877647058823529	978,224313257123	9,84465108343286	40,0372863336813	0,873836638110318	-0,34686676392331	0,518056738277772	0,595556231813038	0,555949255275042	-0,667336405974136	-0,400280037762624	0,456023315746172	1,58953982172695	2,05240676048813	977,009317217259	9,98261198169016	44,0929419101506	0,885383462801626	-0,41648761107146	0,004632621536527	26,4116874589626	0,422716739326882	23,8758473164164	0,241201684314116	32,2541037426133	1010,34670796117	1,50910404909448	2,45770363656221	26,4116874589626	1,04683934872123	0,074133057201801	0,415195966063904	0,006321951949424	38,8960244648318	0,150987009474324	23,9066132667471	0,187706798478996	31,9785932721713	985,416602041783	1,43868211579054	2,30832994270723	38,8960244648318	1,119171054011	0,135122933453605	0,533207283203877
C8	spiky	242,669829222011	40,2713472485769	55,5083372116466	0,513303986420091	0,343779839171092	1581	439	22,8857795674153	5,95214343474509	1,77744861578558	35,7914085672303	0,508010566655505	0,141077789072279	0,145352941176471	0,215686274509804	0,290196078431373	0,498039215686275	0,756862745098039	0,852549019607843	242,959010190081	39,8017304096051	55,1750606041122	0,509737851551884	0,335821498097875	0,398577659274292	0,518701391402554	0,539904395832921	-0,727774610110148	-0,470151356910245	0,405129223067833	1,23763604951287	1,5852695645557	242,47701449949	40,4278714058007	59,2988128481513	0,455775180825261	0,174927707223041	0,004893579163331	24,4268182638513	0,390977428707958	21,0541157382966	0,250177569673795	32,8018408229562	1036,58421817414	1,48420084985462	2,45476701836617	24,4268182638513	1,03299233122062	0,045813806198124	0,329730038354643	0,00496946726957	34,3887122416534	0,088836949915112	19,8707785277562	0,199636610753439	32,2329093799682	990,913252586875	1,41377813462803	2,41226343202301	34,3887122416534	1,10317919055914	0,039310420404354	0,303640217622851
C9	regular	885,304203539823	58,11098820059	68,2313359011462	0,475148209519809	0,935684460969482	2712	516	29,7782706591204	5,80556463902334	10,2028655478103	43,8344491296854	0,516335531262653	0,152948569654542	0,162795294117647	0,203921568627451	0,266666666666667	0,513725490196078	0,768627450980392	0,858823529411765	885,935044822265	57,5682191796167	67,638803079329	0,474170005717471	0,96472756013166	0,37922130843117	0,522493620032307	0,506221647044971	-0,863793507520553	-0,514362189296302	0,394247050616671	1,19743608392071	1,54816078572275	886,194958552445	58,771814411689	72,3979366847357	0,433445962615756	1,05500298498481	0,003890113638803	27,2727089016874	0,42007462902162	24,5139815108245	0,244708589140503	33,233909265434	1072,17396657908	1,52601199302774	2,52592028506915	27,2727089016874	1,05492339962906	0,047273241656696	0,33928809295394	0,003539873229128	38,9628363947031	0,178561024091676	24,7162087126554	0,181345254634108	33,2729602733874	1066,52392227589	1,48267993772551	2,54657865990756	38,9628363947031	1,12593787903201	0,03010648809667	0,273656417146819
C10	spiky	318,167668670675	54,9091516366065	47,4506464398083	0,357668674494292	0,741942192957169	1497	235	21,7571800128496	2,64180321488319	14,6985031095786	27,860580595334	0,501206334237102	0,135419300147005	0,139538823529412	0,242980392156863	0,294117647058824	0,486274509803922	0,737254901960784	0,819921568627451	318,564209106874	54,3006773707978	47,3507770673717	0,376401356793752	0,670731792596172	0,352641820481429	0,405605539021578	0,401053247399112	-0,574718458083284	-0,316782965251199	0,355411988021406	1,02367107401713	1,23892806544055	318,287275170237	54,3521154037775	50,2081680575203	0,357236096274854	0,577661650883512	0,004960175634385	25,2807657247037	0,301897197465119	19,1067642422485	0,23951597890306	32,3509571558797	1002,11979450409	1,44831158531725	2,42318456683936	25,2807657247037	1,04034392478029	0,03222774293779	0,27623263299522	0,0053416261042	31,0496124031008	0,16891136065273	19,680084730485	0,219803756097549	32,106976744186	985,3710152237	1,41984118700409	2,38180245801093	31,0496124031008	1,08273730831991	0,042137478193819	0,312158252779616
C11	regular	121,441796516957	73,5591200733272	74,1570441558151	0,538032609674761	0,854852017658913	3273	530	32,8033053727144	5,27912986771701	17,8663904224769	48,6891989604226	0,523937384302942	0,166834528073353	0,19768	0,207843137254902	0,27843137254902	0,509803921568627	0,803921568627451	0,909803921568627	122,14110902247	73,6383076522002	72,2015516188807	0,538640388542469	0,740934933599633	0,346441288513906	0,549731435804255	0,535815611529912	-0,901312303889312	-0,597045663301098	0,355590088693286	1,2139193095281	1,66691256451136	122,71461780633	74,5131210021695	76,5326418825983	0,508381424497764	0,485586110933063	0,003666012543612	32,3868149979398	0,41218240311786	28,548354429778	0,24771453778118	33,7395962093119	1113,87944470929	1,55151080511119	2,56644911890415	32,3868149979398	1,0926153205965	0,045971186899717	0,337271349055375	0,003252555941358	45,8263888888889	0,182539336287809	29,0297211371528	0,194284076809952	33,7979166666667	1108,4537989727	1,51539347976287	2,58459725183076	45,8263888888889	1,16170093447261	0,028465990358742	0,268175692651748
C12	regular	648,241532976827	82,8006535947712	76,9241195134552	0,531942917590936	1,24575695353845	3366	645	33,1515596570328	6,7284379535729	17,3894260253678	51,1267452071441	0,505108757703913	0,159578636258065	0,180237647058824	0,203921568627451	0,262745098039216	0,501960784313725	0,772549019607843	0,87843137254902	648,445531080614	82,6886887325568	75,9151093691732	0,500606804338669	1,20536551365844	0,370417793108394	0,537725753296838	0,528184455527373	-0,915593926650297	-0,518821405335415	0,39166288604656	1,27817009039836	1,59125276093588	648,230226386521	83,8330815582399	81,630557408408	0,455962940960577	1,19397199447273	0,003690817112743	32,8798135884229	0,351941128030726	26,3679218128052	0,245688447698111	32,4383124846701	1023,98025215452	1,5289550262608	2,5520554619369	32,8798135884229	1,09395325740905	0,039007428057557	0,31071741035329	0,003669129164269	43,3121286263544	0,16045790138579	26,7950903819166	0,195963854338389	32,5536525690318	1024,34361997898	1,49764852669455	2,54836672209367	43,3121286263544	1,15058608243602	0,030080122235014	0,273631731993847
C13	spiky	390,431187241583	68,4955699940933	52,3967329845186	0,4235520826594	0,731894366744056	1693	229	23,228400105679	2,93743664434527	15,7654966860333	28,9470343631447	0,500909164610912	0,13148248205287	0,139538823529412	0,254901960784314	0,301960784313725	0,490196078431373	0,733333333333333	0,807843137254902	391,056388439306	67,7255815028902	52,362523645461	0,435532750883294	0,712205015077206	0,34888695200331	0,349534292253363	0,328964247544283	-0,514291170770523	-0,258997186587231	0,36887098404009	0,902561979719384	1,15564672792185	390,92102215095	68,012305228214	55,2745266770497	0,399358965127869	0,707641280659861	0,00513255356699	24,031489769821	0,295252475946014	18,0497156425483	0,247992939681752	32,366847826087	1001,02191198099	1,43378235916928	2,39737935407729	24,031489769821	1,02968019432708	0,029423188814312	0,262848169565474	0,005417773974145	26,7731543624161	0,221884038505296	18,2038331606685	0,223183104110197	32,0939597315436	983,220356579881	1,41533234537096	2,37493006873209	26,7731543624161	1,05056444653267	0,045723042869928	0,324310417532172
C14	regular	992,040477426051	106,18085106383	81,9353127054244	0,460812320284474	1,18853381060594	3854	718	35,9798265729867	7,65262783901115	18,9405522659381	55,9034504625665	0,513291003998901	0,165078116780817	0,19768	0,219607843137255	0,262745098039216	0,517647058823529	0,781764705882353	0,886274509803922	992,19317985834	106,034522952857	80,7637199185695	0,415675841684919	1,14136052133541	0,389853042351572	0,5687967392284	0,562004344311431	-0,955758754235595	-0,578721786137202	0,417935596785341	1,3242685501909	1,60281526474229	991,688263094479	107,577169027721	89,4452116665215	0,416867881659625	1,12360443300327	0,003555272890933	33,9807692307692	0,367539805043088	27,8639587927623	0,246144638726351	33,0287026406429	1065,00633431196	1,54011314584842	2,54975789356482	33,9807692307692	1,10036286269042	0,045276950116646	0,333781311822516	0,003290770826761	45,2586206896552	0,172630284875685	28,3509048387489	0,190720443405011	32,7463054187192	1039,8677300274	1,50974460671462	2,56625250722516	45,2586206896552	1,15947743400174	0,031069698232975	0,278922732491592
C15	regular	466,191947240541	124,941686914266	66,9470684133045	0,370941867887647	0,263996834474625	2881	534	30,1145824352813	3,96195958175352	20,1448176319789	40,2502588854661	0,519741919676583	0,159222529325287	0,168609411764706	0,192156862745098	0,270588235294118	0,513725490196078	0,792156862745098	0,887058823529411	467,027850017416	124,641144904421	66,8883869568736	0,404250766942073	0,352469650310744	0,374762321551498	0,544350090397256	0,546295557468977	-0,85577099620535	-0,515873296764909	0,376540935034699	1,27871610168363	1,58396022581747	466,529767252832	125,1404138588	72,4781285605167	0,414490643124365	0,299692898447224	0,00358054936441	30,6572246065808	0,397008525674303	26,420943671603	0,236890518323571	33,5192179303767	1093,77499605357	1,53877944098549	2,56415072230915	30,6572246065808	1,07950318898873	0,042055645988191	0,322960035850756	0,003425504988618	42,6113861386139	0,173221932206762	26,7695431207724	0,178484268417216	33,4678217821782	1082,21727821554	1,50298967138702	2,57088051756355	42,6113861386139	1,14490717154323	0,031185212174361	0,279669608329071
C16	regular	338,93520955659	149,232840656003	88,7771889943479	0,476881505036349	0,430862409734563	4939	741	39,0019467676774	6,22123883273573	21,7243171388772	51,5522212441374	0,53005252313519	0,166106623455698	0,186051764705882	0,207843137254902	0,270588235294118	0,525490196078431	0,807843137254902	0,901960784313726	339,374200835266	148,731411742853	88,380666742084	0,485408770084248	0,43466467037912	0,354484202807279	0,537945712628036	0,545226055184695	-0,88740663711892	-0,526510630892121	0,350907080702479	1,21387106213161	1,57542553635853	337,894618265952	148,639767561252	92,7295931772549	0,392929192382663	0,409172975341992	0,003228089806406	33,684966677592	0,382099243338011	28,2575865253543	0,232405348252847	34,0755490003278	1133,25910259572	1,54996333039878	2,59031738438838	33,684966677592	1,10019514745054	0,037441977215788	0,306772847616029	0,00306258835839	43,7200182398541	0,206769624522763	28,5582098161272	0,190921461547445	33,9279525763794	1116,72247307527	1,52101424443232	2,60333568217943	43,7200182398541	1,15476121636264	0,022080994936244	0,237631916555294
C17	regular	774,640914036997	141,828346028292	74,8128735546606	0,414773733134234	-0,453157984603407	3676	508	34,1072778618745	3,7845702182197	25,2745272453997	43,2458472258506	0,53161684695641	0,155216582223661	0,168609411764706	0,215686274509804	0,290196078431373	0,52156862745098	0,8	0,887254901960784	775,400514120246	141,449227113923	73,2759577975909	0,400171676078927	-0,38227083111661	0,343925679529581	0,463329240203051	0,441253812353697	-0,829767844809064	-0,440099496238825	0,344285213691897	1,09569942825053	1,44205690140252	774,395653413122	142,460720521228	78,3999273208498	0,41650346121122	-0,276932928528816	0,003725570408688	30,6784227820372	0,351539128084617	24,6547987015939	0,230549191156734	34,3023731288792	1138,96507083763	1,51480995603431	2,54002997467546	30,6784227820372	1,08125583830501	0,033031117070053	0,28595707438261	0,003549364531605	38,4752293577982	0,216260378142356	25,5459258947526	0,19425441413998	34,8544342507645	1172,56768747498	1,49488969071736	2,54489278438552	38,4752293577982	1,12652849117998	0,028658849666849	0,267063149476828
C18	spiky	562,293142426526	130,480783722683	42,9177119137757	0,310118094323452	0,985065408566312	1327	167	20,2138248842606	1,4790588483913	16,3153215222879	24,2322448903014	0,500025119316755	0,123588931002162	0,127910588235294	0,262745098039216	0,309803921568627	0,486274509803922	0,717647058823529	0,803921568627451	562,697371764942	129,922104479288	42,7951233139766	0,294351994557187	0,993780453001401	0,35824496129905	0,37686821653047	0,380810895194335	-0,455137184787503	-0,25736647842871	0,34899106768151	0,976865472900021	1,25409929802614	562,80498589155	129,958418965993	45,2634887740763	0,203064312758064	1,04013232810222	0,005946003451819	21,9579730544943	0,268297150932498	16,0047065434262	0,253497000570575	32,1727327568872	984,913978935811	1,40175412739605	2,35142483671304	21,9579730544943	1,01150035273945	0,026680862201962	0,248207328051499	0,006727210057558	24,0507487520799	0,096585423760742	14,3110254055221	0,237162535888123	32,0740432612313	973,489398366176	1,34464291732337	2,28224364899672	24,0507487520799	1,03141902316874	0,031566802001281	0,265675807357254
C19	regular	210,733437867503	154,835750686005	61,6705367233357	0,33886397084461	1,21538522300506	2551	406	27,9783995190495	3,44615096022862	19,1578406686187	35,3460472489996	0,528524761531426	0,155840972279268	0,162795294117647	0,235294117647059	0,27843137254902	0,52156862745098	0,792156862745098	0,87843137254902	211,197034391288	154,476440338794	60,7660375415443	0,32898358292021	1,07696484546457	0,357053905071761	0,454635755312975	0,445639951070774	-0,718760098811332	-0,42980507808192	0,370611778001262	1,06840673648633	1,34348713569215	210,955506482402	155,687773952366	62,6318856000903	0,191444773644018	0,843532599723577	0,003561765090375	32,5664752180387	0,321616772417834	25,0030073665798	0,221418245621209	34,0493512018719	1122,07274184166	1,51279963915444	2,54695179587294	32,5664752180387	1,09313307664275	0,029686585610337	0,271805442732196	0,00335505415356	44,8787465940055	0,127379438278095	26,714926144674	0,179548203844436	34,2929155313351	1134,02398837822	1,48982070182969	2,56603603400201	44,8787465940055	1,1599172840464	0,029290061959382	0,270998068693306
C20	regular	69,3080774365821	190,127336448598	105,18969241748	0,525238564599005	0,195721511311999	5992	870	45,5772145686908	10,193521963314	24,6991407376336	72,8390555467844	0,534542134610854	0,18552348435219	0,220936470588235	0,203921568627451	0,270588235294118	0,525490196078431	0,854901960784314	0,937254901960784	69,3653488972879	190,570006574767	102,950267568435	0,514989894336207	0,214253347485065	0,384930495889793	0,587788009284809	0,570374808483993	-1,03636144332047	-0,623856718705159	0,40875052985162	1,33750975582205	1,72940666909975	67,5729188268413	191,711133804314	112,43193785586	0,508148057644223	0,252066955151941	0,003046148890432	41,4651078154854	0,386425506204624	34,7897909991302	0,241594297621837	34,4941315621873	1176,25444001638	1,59184617294197	2,63770153408379	41,4651078154854	1,14029226633176	0,044976433307083	0,338065372971726	0,002652823337088	55,008369015181	0,189705681931815	34,9434497987882	0,176301338176835	34,3754379135851	1157,60990281514	1,56012940314791	2,66813377706953	55,008369015181	1,19977865330878	0,02094808110696	0,234346532624419
C21	spiky	868,535125229078	154,662186927306	48,9301168943062	0,289819387192449	-0,545945496018675	1637	255	22,9267428493226	2,54397438087027	15,9096255795753	29,3884482741881	0,501052858528873	0,140520126736426	0,139538823529412	0,243137254901961	0,286274509803922	0,490196078431373	0,749019607843137	0,827450980392157	869,059013085864	154,07261052702	48,639090119316	0,334287229603738	-0,391734368337305	0,343491052712005	0,398853916726493	0,396477903770522	-0,657051729670725	-0,353052335242469	0,365728081481744	0,948060085258815	1,19666365788116	868,713915597201	154,225442746592	51,3699141953557	0,33866590914411	-0,346531670439032	0,004535769335138	26,7518296739854	0,316924256027245	20,5818911080036	0,23205894981529	32,4251497005988	1010,12448509634	1,46471122924784	2,45020182717504	26,7518296739854	1,05239793488883	0,030596308915193	0,270750710686943	0,004852172313316	32,8066104078762	0,155051980321308	20,4133897256494	0,205261003037127	32,753164556962	1026,14090302654	1,4275527587573	2,4120902468337	32,8066104078762	1,08892150940312	0,02791419616089	0,256915148420242
C22	spiky	686,008507347254	162,126063418407	44,5195406737811	0,375298360614436	-0,686832953222279	1293	243	19,9236692050759	2,79064006367549	14,0223389128116	26,8109610919916	0,510838148097599	0,132879550186009	0,133724705882353	0,253960784313725	0,301960784313725	0,498039215686275	0,750588235294117	0,843137254901961	686,460040016387	161,637459850028	44,0615798261544	0,352239838405876	-0,694146244689188	0,392576400970114	0,431832074588012	0,432228211373981	-0,65804124900246	-0,298637812686951	0,388882917094326	1,07857927079522	1,424476397627	686,220083556528	162,121657037006	46,8025521282056	0,337492175389418	-0,434029278902617	0,005245296895941	24,5041675571703	0,300523636025122	18,516079755663	0,24305941104195	33,0970292797606	1047,73040407439	1,43995656908644	2,41101059710428	24,5041675571703	1,03456710358888	0,034208325395716	0,283703573648446	0,005250791331872	31,0306306306306	0,186534107604009	20,0730987744501	0,206594173423245	32,963963963964	1039,35482184177	1,43472265728797	2,39542266791852	31,0306306306306	1,07624357712983	0,052658866147166	0,348583473038472
C23	spiky	618,264586943963	189,57712305026	50,094823966714	0,271102036454993	0,90355538085555	1731	321	23,3164834146026	2,27820856046026	17,958726372238	29,2415330443203	0,495775988038196	0,145634599605996	0,151167058823529	0,207843137254902	0,270588235294118	0,486274509803922	0,745098039215686	0,857647058823529	618,993255284731	188,85781262852	50,4340812088849	0,303507490113187	0,689572040890994	0,354062605846427	0,470667145223138	0,456050706127981	-0,717724528519087	-0,433203226738569	0,356918431984052	1,11446691205386	1,56798485626406	618,726960048093	189,108131063495	54,0233060588772	0,325341688749783	0,215483968215988	0,004442226615289	24,6182924875861	0,420098264245178	22,2262621145133	0,25077931400477	32,0304340861765	992,337877072027	1,500921789031	2,47156548029413	24,6182924875861	1,0315478977741	0,049627813508984	0,343788757745899	0,00419188245303	35,072192513369	0,193486730621941	22,7430970109239	0,199324692500059	31,9211229946524	979,492363325369	1,46472518080972	2,47292782772501	35,072192513369	1,10881105680202	0,034405131413541	0,287974372342242
C24	regular	942,280904880655	226,410936943356	92,3209170069052	0,37812092477082	0,061455787139052	5614	616	42,614453133574	5,72512379046848	27,6131234825669	55,4851464049647	0,524905523306579	0,169081351471686	0,191865882352941	0,188235294117647	0,254901960784314	0,525490196078431	0,8	0,894117647058824	942,887957638611	226,106188260125	91,3061745846057	0,400823976776511	0,101437909396202	0,353022111955966	0,555125063277492	0,559937101919709	-0,99099588120997	-0,569913266337786	0,364886245110477	1,22857964156615	1,6252125157101	942,311612795297	226,394313554031	97,9148229464555	0,389674611885685	0,00370905483598	0,003240452750928	33,6671727475447	0,398065381044543	28,9658053278007	0,237766064229871	33,8322816340086	1119,70756343118	1,55982410645859	2,59420625225386	33,6671727475447	1,09940877255191	0,043902775089789	0,331548708772976	0,002795611300076	45,4984126984127	0,241077129256532	30,9756499984253	0,189003862783974	33,6099206349206	1102,41243007379	1,54735300881647	2,63844216133892	45,4984126984127	1,16352931735546	0,027690737092286	0,267223343983664
C25	artifact	512,6029143898	209,828779599271	44,825570003475	0,897930287754311	0,625634333070289	549	140	14,2177730943309	4,91395655805456	4,63150259921449	24,1322419605145	0,375906282367227	0,018042289501628	0,011628235294118	0,349019607843137	0,356862745098039	0,372549019607843	0,39843137254902	0,447058823529412	512,654916864608	209,891154394299	44,7546890713226	0,897842733497854	0,628885688228967	0,199500958008667	0,055419130685627	0,035425419332291	0,110928593747814	0,136251830665457	0,192664818785869	0,30366549235135	0,438365532869508	512,820464720001	210,207584811654	45,1064658889564	0,899878512494579	0,644959253114158	0,593288779698389	0,394052044609665	0,283515669790402	1,2749899948924	0,881225794849237	24,2071163037706	568,945183126528	0,369346374694421	0,465376681169802	0,394052044609665	0,275817012133695	0,067353826755624	0,178652852591964	0,548707276074601	0,392059553349876	0,081845710165556	1,21350417772413	0,863523573200993	24,2431761786601	570,391094346577	0,36998751042742	0,474958799884625	0,392059553349876	0,293733579926386	0,034208946433545	0,128041816336065
C26	regular	449,085279940675	231,231368186874	68,4179996711854	0,414982445111013	0,623858802964225	2697	616	26,7416550913858	8,8997363036263	0,98693021269454	41,7801917283193	0,528881037027343	0,154579140497384	0,168609411764706	0,219607843137255	0,27843137254902	0,525490196078431	0,784313725490196	0,874509803921569	449,864710087153	230,973598548374	67,5540275609063	0,42155273737442	0,552223876998279	0,410100463141315	0,537752050305468	0,523331535244495	-0,907887100284272	-0,481356440126407	0,424784210005741	1,31744379775091	1,64567392551016	449,324521135588	232,636016588534	69,909149701944	0,291567877020239	0,195830904915174	0,003829222355972	29,3239247311828	0,391521449324361	25,0961038796042	0,25161839893076	34,0286393713813	1123,53059471182	1,52525333354533	2,53349004389375	29,3239247311828	1,06861378195305	0,046614644917616	0,337478266692688	0,003493061707753	42,1557632398754	0,130600754159368	25,2441912858543	0,186640949559769	34,1059190031153	1119,39945955418	1,47804046879073	2,54374711392629	42,1557632398754	1,1443507278482	0,02760103008289	0,262140094091278
C27	spiky	709,407407407407	233,520987654321	56,9985062921221	0,558058014244995	0,328660702154723	1620	447	22,28888660653	5,56301330694215	3,07712651929893	33,3238637210347	0,503977245219075	0,144918345905776	0,151167058823529	0,207843137254902	0,266666666666667	0,501960784313725	0,749019607843137	0,838470588235294	710,185625837564	233,198781899487	56,829504659653	0,565652556994076	0,354073945169629	0,401215867611511	0,548876875986405	0,564045962908787	-0,789761236021822	-0,461554483097096	0,399727268560619	1,35797837038463	1,71456355826238	710,082741825663	233,45521898447	60,5260778328836	0,536228401300398	0,333312605566896	0,004589922760092	23,3846019247594	0,44504391453068	22,0688760219496	0,26581212106022	32,5849518810149	1026,88691367931	1,5044755089212	2,4667127647058	23,3846019247594	1,02237758746964	0,057140569527728	0,367504669598326	0,004468055183043	34,6905278380333	0,144378178031228	21,2721149387067	0,194127888369007	32,2292118582791	994,474148126618	1,43836555276447	2,44767730319545	34,6905278380333	1,10028399651527	0,055784150540019	0,361995814370437
C28	regular	817,91988323062	244,900097307817	68,1140694795795	0,344606236605967	-0,565289151110805	3083	462	31,4304681197576	3,66006135750161	21,3045879750834	41,8221105635706	0,530929257852995	0,152864018858092	0,156981176470588	0,219607843137255	0,286274509803922	0,525490196078431	0,788235294117647	0,886980392156862	818,90521037475	244,096909903737	67,0619166786278	0,325970464692431	-0,497791301843377	0,365177328365383	0,446571567410232	0,428247833491312	-0,728466008926045	-0,366689650276931	0,378781850935486	1,04772043165821	1,42293129320395	818,519158294567	244,803456687098	71,3926675544985	0,353553713782286	-0,745869683089166	0,003831547124269	29,1915118429163	0,366660754747789	24,045715279567	0,2235870100498	34,2782424936163	1136,5216891476	1,51346964422435	2,53036801172254	29,1915118429163	1,06946604002085	0,036092372051916	0,298012412978529	0,003734731077696	36,8940568475452	0,199808544222826	24,0532684279369	0,188375712424113	34,5035068290882	1145,68206474742	1,48286104674147	2,53448438375633	36,8940568475452	1,1173786482905	0,030416406154979	0,274399174751255
C29	regular	303,818625610214	259,006008261359	64,3492133166275	0,470118779812977	0,412193070906289	2663	406	28,5226406429593	3,50270545655788	19,9115130103254	38,4769187496703	0,546492603800814	0,162583372890986	0,180237647058823	0,222039215686275	0,286666666666667	0,541176470588235	0,815686274509804	0,926980392156863	304,51866323187	258,858891308097	63,6635720309651	0,490095162121195	0,391675589031854	0,368115893392224	0,502121501998904	0,492106537091579	-0,839099835605582	-0,481082680998563	0,384436663839119	1,15219179533253	1,57804179984256	304,966825640698	259,103509053161	67,1261188684561	0,465695990325011	0,348175475338792	0,003278722831994	35,9321725045556	0,311701566130795	27,1021751150634	0,211366837092643	35,1911318080583	1201,44611724674	1,53151818444346	2,59057638867568	35,9321725045556	1,11425309030107	0,028819750998264	0,270098679883219	0,003100665237251	48,142492556359	0,120577041719615	28,3716373350635	0,171190860295109	35,4500212675457	1213,62956324169	1,50469012381113	2,60196429310819	48,142492556359	1,17171088267322	0,031142161233208	0,281097635740266
C30	regular	565,644237405107	266,41856452726	65,6051778103111	0,327251393399213	0,545070789672948	2898	549	30,0372556295132	3,91832730625534	18,345355321472	39,1890491090022	0,52620468477246	0,16315800568331	0,180237647058824	0,2	0,274509803921569	0,52156862745098	0,803921568627451	0,898039215686275	566,43929434758	265,622529959368	65,4549562304075	0,355844728225188	0,502719666342498	0,37797340511589	0,547967101413778	0,548240848904941	-0,891304603669022	-0,547157999076739	0,413404467330997	1,24403960387412	1,66601633107262	565,37914979384	265,162980334704	69,9040384550412	0,300937178030796	0,488418565417419	0,003470631490743	32,0689655172414	0,399184667774128	27,6878721273921	0,239372599858471	33,8850574712644	1120,35025116469	1,54827148112045	2,5739194599416	32,0689655172414	1,08669508756463	0,04518753933199	0,334947983029488	0,003179899595948	45,6681433749496	0,147169940412235	27,7744686421026	0,179025203122572	34,0982682239227	1123,88581467597	1,50292985349756	2,58273231696582	45,6681433749496	1,16150638347715	0,025152113280358	0,25233144266027
C31	regular	152,054366197183	292,90985915493	72,0210010824508	0,341216600306263	1,23708948979177	3550	524	32,4570179439004	6,13101839377312	17,8928192670672	43,7290443207006	0,523562551781276	0,16990301708886	0,191865882352941	0,192156862745098	0,262745098039216	0,52156862745098	0,807843137254902	0,901960784313726	152,550953149561	292,704419195915	71,1608115051974	0,3320404441561	1,24063545890445	0,355692477782831	0,579761996759433	0,559775679625303	-1,0860313060916	-0,645340662261183	0,387006509903531	1,26210387057967	1,67475450987785	150,806822377438	293,869292527826	74,5888822382934	0,065884731154578	0,123889213646741	0,003181086825998	33,2325070123569	0,42372284639028	29,8337883986838	0,234011057957987	33,6946402850429	1114,25405079832	1,56752705935854	2,59814353461705	33,2325070123569	1,09709012684962	0,045177305237368	0,336391394189093	0,002985673610689	48,6260239445495	0,184552242413779	30,8155359998078	0,1764529508624	33,8453056080655	1114,70994521056	1,53317436984663	2,61797362039355	48,6260239445495	1,17616769812518	0,027569970999508	0,265654598475144
C32	unidentified	14,9468599033816	301,040257648953	56,1972917378247	0,790618816482588	-1,56942367013794	1242	344	19,6753198447719	5,80162528965782	7,95256448207343	33,0243782819798	0,551589782450822	0,150465716621388	0,168609411764706	0,256509803921569	0,309803921568627	0,549019607843137	0,807843137254902	0,890196078431372	14,6480417186623	301,117754473537	55,0285315921909	0,785153143282014	1,54562447017656	0,460627768255615	0,556127905274975	0,586769094967689	-0,755257263538481	-0,42646762378739	0,46173375806157	1,39964688805558	1,63992001325542	14,4972136581114	302,905952157613	60,3989602558605	0,786430113167901	1,55123743782833	0,004251540951108	28,0912485414236	0,37909553845872	23,6212326383451	0,244175108662405	35,6105017502917	1225,44365223248	1,50698330687416	2,48702937153975	28,0912485414236	1,06228028174848	0,050341758190156	0,347172291514717	0,004409517174096	38,3615307150051	0,149651377928724	23,5563549580193	0,199360799906225	35,7230614300101	1225,86313951501	1,45938897071378	2,45864582328846	38,3615307150051	1,12668469806227	0,06005705711193	0,375778535566252
C33	regular	1006,33536895674	332,139949109415	65,5183570828523	0,714255899961602	-1,43893730107536	1965	429	25,1281388505445	7,3712415898144	6,9657128574228	46,4360998082556	0,491004340667565	0,155353284241322	0,156981176470588	0,168627450980392	0,243137254901961	0,474509803921569	0,76078431372549	0,868078431372549	1006,62349306995	331,785656220786	66,0988409088746	0,722022674070447	-1,42516233108803	0,377132245599318	0,561231048710331	0,548490990405351	-0,936525104948377	-0,549764935193726	0,406555753644485	1,27890441137935	1,75342719443995	1005,75011353729	333,651082507949	73,3162408083223	0,726830050176458	-1,45737260266857	0,004033015014295	32,578812473302	0,337122983980131	25,5737985221724	0,243115959668552	31,4445393706393	961,121911447219	1,52121185126354	2,53893222202294	32,578812473302	1,08874628530557	0,045404004306195	0,333563207920448	0,004083117271428	44,1675977653631	0,105859784039919	25,6983621679168	0,192747155913861	31,1843575418994	937,155475804114	1,47695737127175	2,52057190267342	44,1675977653631	1,15413194100685	0,043961113403314	0,327284284662103
C34	bald	724,029106029106	311,569646569647	42,2912923848518	0,516092062038134	0,238575716009774	962	131	18,5506639210149	1,17845115197252	16,0367944883172	22,3159854127358	0,501634666340549	0,114565572283158	0,116282352941176	0,269058823529412	0,329411764705882	0,490196078431373	0,709803921568627	0,772549019607843	724,741264139904	310,707117084904	41,7396332703818	0,51363084221397	0,251504439049413	0,409637577539491	0,31090260486988	0,33828959966118	-0,289847292206321	-0,073974741919097	0,40392948331619	0,92728990671032	1,13474062369007	724,682733360438	311,027241336021	44,4543077944177	0,430705512680281	0,209372877352848	0,007790798867383	14,6595074455899	0,410154224060083	13,4265596564033	0,287467903896311	32,5672966781214	1007,72332305145	1,37953318229782	2,23934353670048	14,6595074455899	0,928863614688498	0,052817134947288	0,338222872901159	0,00824767911034	17,3437892095358	0,296682362190429	13,3299831236648	0,273908407873326	32,5181932245922	1003,75507334057	1,34482430085466	2,19631052647698	17,3437892095358	0,953539126868838	0,062766050690658	0,364220386755565
C35	spiky	246,642726719416	329,123554473524	55,0458188205575	0,59033568288225	0,875931561667426	1643	456	23,0987325390502	4,26778769017431	9,76353668422359	34,7811753302862	0,507744083634671	0,148089158120684	0,156981176470588	0,207843137254902	0,27843137254902	0,501960784313725	0,756862745098039	0,866666666666667	247,108890737894	328,596050336817	55,2804442279707	0,591152026235715	0,848867878554508	0,401420279743348	0,513292982007208	0,495837670718168	-0,777576079181415	-0,478626747492762	0,41836404233695	1,20393737734382	1,60985416814837	246,900160272102	329,021380442553	60,2578164339113	0,603987832441332	0,906205630592227	0,004239251297963	26,4217414063863	0,411930169496201	23,4647992771118	0,244325779974121	32,5707555400454	1028,13183094197	1,51122600014554	2,49175086993961	26,4217414063863	1,0434925007204	0,053627537614967	0,35818778046586	0,003913227468694	43,4311926605505	0,150100887744438	26,5507930495936	0,188890943803092	32,5840978593272	1025,58640876253	1,49045816847239	2,51364497726871	43,4311926605505	1,14812218440841	0,0521508222185	0,354870537638496
C36	regular	479,160389898095	327,542755870625	57,4924604192844	0,281915616217726	-0,449677102378012	2257	408	26,4272983160317	3,5866808651705	15,6733912320959	33,53427126951	0,533566160181396	0,153497397457122	0,168609411764706	0,241411764705882	0,290196078431373	0,525490196078431	0,796078431372549	0,890196078431372	479,645916779013	326,933357430817	56,4804051804923	0,221117079661863	-0,315321283004591	0,379797375865736	0,491597539625505	0,465586436955703	-0,730374280424724	-0,452346518082473	0,379312854222382	1,21642131711008	1,52480403759529	479,097354658628	327,13895011643	59,599736752435	0,147675003207054	1,10908373617106	0,003786623318992	29,7295750639231	0,361851709794747	24,293625886203	0,232646752111929	34,4267624497747	1146,87005378582	1,51133862894364	2,52748657704364	29,7295750639231	1,07495371744551	0,036349309377958	0,298878753022662	0,003820706127317	36,6929052304505	0,238800460243434	25,1020279926763	0,205147533904366	34,4070429829104	1142,93712673995	1,49470608624355	2,5099451019653	36,6929052304505	1,11647157332472	0,041625936838783	0,318126272110126
C37	regular	380,169423844837	336,93268682259	72,5775220756009	0,439775524306171	1,33275478282677	3506	483	32,9981841142218	3,77376408673313	21,6064143696752	41,4566884554291	0,519166023511515	0,16322965753169	0,174423529411765	0,180588235294118	0,258823529411765	0,513725490196078	0,791176470588235	0,894117647058824	380,783136916945	336,376565765378	72,2122964085586	0,44133985114208	1,32694983656533	0,34058375647787	0,555605245911177	0,52703556973173	-1,04537889453336	-0,626597745609762	0,367693640865526	1,21752676339545	1,58591641282461	380,201237112932	337,297720250153	75,9836267282831	0,374153299328251	1,34271041894795	0,003517345591875	32,4447412608762	0,389911901891903	27,5902099725342	0,239438924151293	33,3536101358571	1085,50489550033	1,54812638114797	2,57907064740497	32,4447412608762	1,08874126725073	0,044895723929513	0,334218683884077	0,00323686231796	46,1698707847463	0,127608130936533	27,4616581275057	0,176131176939009	33,460762685156	1081,15375655181	1,50020895361789	2,59744602364458	46,1698707847463	1,16454416489716	0,025956835749779	0,256957668493713
C38	spiky	796,025309005297	325,462036492054	54,6103282486826	0,644700521457118	0,294118851548946	1699	248	23,0313249435571	3,3219704163794	15,1995597355663	30,4017853363733	0,512389063924569	0,148965618554098	0,156981176470588	0,207764705882353	0,274117647058824	0,505882352941176	0,768627450980392	0,87843137254902	796,698378305329	325,14142078472	54,4879725089744	0,657831292752047	0,30155575522715	0,355005772147714	0,509442057587553	0,479176325873035	-0,867588096635553	-0,472586607542938	0,366930785504632	1,14515513820754	1,58026814134679	796,754094800326	325,240442224073	59,5381517886846	0,691565120590946	0,354288664891956	0,00411154849271	28,5142090306284	0,357376785981759	23,1857913071122	0,235387647232471	33,054467950742	1055,7173495732	1,50310675387168	2,51243917770222	28,5142090306284	1,0645710280616	0,038970299427934	0,308273377862341	0,003835699445983	39,5585526315789	0,14665549839163	24,1785360760041	0,186719918314454	32,8493421052631	1037,66847745073	1,47239378681939	2,50368286258466	39,5585526315789	1,13081426762178	0,031001422482493	0,275339854483201
C39	regular	898,31865585168	340,64696794129	64,1536051302474	0,362061919534356	1,0375335956584	2589	514	27,1250983798197	7,37167001231784	9,48121066586287	41,9063989621921	0,479814297290952	0,147826225224799	0,151167058823529	0,187764705882353	0,243137254901961	0,47843137254902	0,733333333333333	0,843137254901961	898,530244245843	340,45757660897	64,0878076475853	0,374055118408654	0,847526165741573	0,342913570505364	0,562042521213255	0,540986912392818	-0,950116438671122	-0,607353227010038	0,348238354926157	1,24556730118383	1,68016821291965	896,649220242657	340,788561423134	69,5631784675753	0,412685448779906	0,520099412513351	0,004392256362303	26,0068551842331	0,408719946554255	22,9919943457213	0,264830086660487	30,8890317052271	925,2229899287	1,50771335954954	2,48728531767184	26,0068551842331	1,04329799032472	0,049870410805126	0,345622376896159	0,003935264648818	40,7664697864607	0,125744737995605	24,3149696422736	0,198316520134717	30,8046342571558	913,027949667831	1,46976522923623	2,50895782763656	40,7664697864607	1,14031481847336	0,027948292611403	0,262002073624653
C40	ghost	644,131871525633	357,163063619518	67,4648654724457	0,379273360924926	1,21010284675275	3238	350	31,623038374802	2,73164655938311	24,590273504384	38,5917290493754	0,599177657474355	0,17767432558922	0,203494117647059	0,227450980392157	0,309803921568627	0,596078431372549	0,890196078431372	0,967176470588236	644,799029783622	356,101882826159	66,1251122710964	0,378633610624244	1,14413381544105	0,386652513358137	0,545741122243438	0,524779298107571	-1,01918426266435	-0,526112062463619	0,412305826246902	1,25488873693497	1,55693412466155	644,891888145831	356,084239239882	71,3963509841089	0,408264022368673	1,18743616147933	0,002915671442204	33,0923525599482	0,462393567072019	31,7774893798389	0,217451340627971	38,4552819183409	1449,25897038265	1,5873912080867	2,62571312182813	33,0923525599482	1,09713376103655	0,048471390653789	0,3496924261072	0,002629949875412	46,4756504336224	0,290083633096068	33,7331870346297	0,172908688028683	38,9006004002668	1477,92041963836	1,57147876670223	2,65984806300068	46,4756504336224	1,16459019314386	0,037050135049085	0,309081690405436
C41	spiky	77,4528301886792	346,590146750524	45,5557784052981	0,686539346279136	0,789259143774303	954	235	18,0906639754715	4,5431605618573	7,21687700578401	30,5771141454077	0,495202861018621	0,133129785981096	0,133724705882353	0,207843137254902	0,273137254901961	0,490196078431373	0,72156862745098	0,797921568627451	77,8530730152406	346,223320715875	45,3630951748	0,698977587757365	0,785432352636402	0,374110602273517	0,451343715943998	0,453660869646556	-0,678455512194276	-0,385719405444873	0,376731814034791	1,13418587241659	1,38326256708104	78,1073980924653	346,465803353417	48,4398869272095	0,700047027011046	0,855756299237767	0,005357744755889	21,5634756995582	0,384194976746226	18,5083629438597	0,25707958835755	32,0848306332842	986,706642287478	1,45418150187344	2,39807170711021	21,5634756995582	1,00849838694664	0,048013135252497	0,333583862087442	0,005816277978602	28,1619537275064	0,129666026433144	17,1788201901917	0,206111404844327	31,5038560411311	943,414679476303	1,38971729463791	2,34751292510686	28,1619537275064	1,05503345154664	0,05074809179117	0,339202243880398
C42	regular	548,184801381693	371,635002878526	50,2354824261008	0,332336539766783	-1,49399438818649	1737	244	23,2760217825103	2,09933442671643	17,7489301924847	27,520929711004	0,54095973449829	0,162001770218037	0,180237647058824	0,215686274509804	0,27843137254902	0,537254901960784	0,807843137254902	0,908392156862745	549,032815825717	370,581403113393	49,9748191266725	0,332983732139935	1,55916168821935	0,390111154868841	0,476821749458316	0,424131827576405	-0,824006570074787	-0,390942141703428	0,391043785547359	1,13463520162891	1,64183546853124	549,047941222048	370,594976662208	52,9891797575852	0,337711120043973	-1,46969500155615	0,003448138324682	32,5004669987547	0,368614376187602	26,7374144841244	0,222734429932229	34,9450498132005	1186,61932235258	1,5359173579146	2,56555615993203	32,5004669987547	1,09193328086216	0,040261209288497	0,316304504714853	0,004001688620971	38,3622250970246	0,237235434151753	26,14683220396	0,185572789987497	34,8201811125485	1172,29647998736	1,50244745210059	2,5093152424764	38,3622250970246	1,12468701261364	0,050110165505125	0,347854669369614
C43	regular	178,964618249534	397,204841713222	66,4269695415557	0,504555456432185	0,352524437246788	2685	522	29,0519588113189	4,3747712046583	18,3664343040287	39,3082943028342	0,52249753532698	0,157899748463471	0,168609411764706	0,196078431372549	0,274509803921569	0,517647058823529	0,8	0,87843137254902	179,744977511663	396,756130832082	66,7762964090858	0,535381064068306	0,409631020028168	0,39539272491374	0,56762540307006	0,53212903984535	-0,953443700244116	-0,575008169483559	0,395675724371564	1,32340593947564	1,81319980142829	179,801106757532	397,895610522851	73,5198132826222	0,571045247393548	0,595049302611175	0,003765651595825	29,9179907739621	0,406086357438585	26,1871556990448	0,247219243095059	33,656176319836	1102,41970888724	1,53781588744429	2,54810556544617	29,9179907739621	1,07037835838669	0,051042974399146	0,353476445300043	0,003441917748035	43,1831048208757	0,156477240653746	26,5968818519749	0,18075359964276	33,155683325962	1061,46974143066	1,49710915017768	2,55740116872107	43,1831048208757	1,15023246383357	0,033655617424007	0,289519470928632
C44	spiky	837,615631691649	389,614561027837	45,750673076397	0,635344583601282	0,737437588207901	934	317	17,7018125390681	4,854098417509	1,21438403203315	26,818439026068	0,487739849687198	0,121177209344637	0,116282352941176	0,224823529411765	0,298039215686275	0,47843137254902	0,695490196078431	0,798705882352941	837,959566134378	389,392570912065	45,5374730323525	0,644515267195353	0,775059884056887	0,396748624331371	0,417855333476019	0,398013832470285	-0,566602253025111	-0,282023049649434	0,399395874791927	1,11132765950157	1,37176619458835	837,818270235617	390,130434035703	47,5525448615074	0,580211807444645	0,86535875267633	0,006368962857482	20,2059748427673	0,336780190482426	16,2332413423124	0,277854307899319	31,6474842767296	954,583667579779	1,41742180485734	2,34863828768682	20,2059748427673	0,991167495251977	0,045892641757459	0,323186352721467	0,006250929077734	27,1536351165981	0,101834344104271	16,11616200105	0,232594427066589	31,5267489711934	942,840518874641	1,36834208377578	2,30501800471471	27,1536351165981	1,05058529329754	0,05398392921593	0,346476769719736
C45	regular	752,093470790378	406,962542955326	64,2141705963184	0,250252781190028	0,728987323562958	2910	441	30,0909086308416	3,96327945358413	19,2383232235858	40,5350795273907	0,515229431978977	0,162758395721465	0,180237647058823	0,192509803921569	0,258823529411765	0,513725490196078	0,788235294117647	0,893764705882352	752,791031737313	406,288282774386	63,8208951863663	0,260376463355695	0,858607108565618	0,349543145137441	0,5518067244189	0,538041028128779	-0,972193914202589	-0,595719923684031	0,373251621512267	1,24150783870856	1,62386020271603	752,774461075296	406,826210774002	67,5742189039419	0,154282073940244	0,624054179844389	0,003532940211985	32,8087350791154	0,371577160019355	27,1040282050584	0,242749386551117	33,1407421115943	1070,23379126243	1,53969128221032	2,56670665003121	32,8087350791154	1,09301163480995	0,043148929762881	0,327141328563162	0,003305785123967	45,57833655706	0,123092817494144	26,9881190771038	0,1867650790984	33,4653771760155	1080,48786769201	1,49486376223594	2,58205835867732	45,57833655706	1,16143074317275	0,028718186691797	0,269206249871943
C46	unidentified	14,8757596218771	418,05131667792	68,2552528635449	0,859858270755908	1,49242691062276	1481	378	20,3956244396275	8,75183211779505	0,405806653888801	39,9749342322289	0,561914975308152	0,155587419272363	0,15116705882353	0,219607843137255	0,27843137254902	0,576470588235294	0,807843137254902	0,906666666666667	14,191334055888	417,292559257339	65,9547028218891	0,848729340926223	1,50227686120356	0,489135785786266	0,555265906896688	0,524526036803593	-0,890133253415842	-0,450520488038384	0,50414018806716	1,37722424677064	1,76739098672175	14,2246408660389	415,526040527279	69,0689043974263	0,839850539176444	1,48371034053068	0,004825744628906	26,1525390625	0,44684026557503	24,639228811264	0,264946845079615	36,0720703125	1261,85716067911	1,52568432935332	2,47704040800642	26,1525390625	1,04858149059112	0,067012093214561	0,397249423458585	0,004442038355711	38,7156357388316	0,210064883118367	25,5055795795396	0,20908925229889	35,3290378006873	1204,39035958074	1,48995275097873	2,4766402867547	38,7156357388316	1,12839174450467	0,054340846260647	0,359442291727229
C47	regular	302,173896053146	413,803438843298	66,1743749086375	0,443606335260546	0,48456213447372	2559	519	26,259476023296	7,98279615774241	0,837494483540441	37,9881338599085	0,52421672068593	0,150665041681602	0,156981176470588	0,207843137254902	0,274509803921569	0,52156862745098	0,772549019607843	0,889568627450981	302,716559234086	413,675892713586	65,4154885538057	0,417814755171896	0,513145761013849	0,4069988098694	0,573236236024948	0,529923443387449	-1,02335658035004	-0,553345110386809	0,423785961065469	1,2907409946865	1,90813776258009	301,107524165189	415,732219793891	67,5292868278922	0,286210319369194	0,217694827433645	0,00415290751759	27,4685043609346	0,396873842624242	23,7717733885496	0,252289159377278	33,7837837837838	1104,89203805437	1,51501484443457	2,51534877801351	27,4685043609346	1,05590224555129	0,04750335148873	0,339412460803723	0,003765103181312	43,3035714285714	0,099727227572575	25,0502505211897	0,176386266087973	33,7477106227106	1094,65558783743	1,47143207047905	2,54377548653467	43,3035714285714	1,14964573695204	0,02825917046478	0,265179902056671
C48	regular	968,775238646225	437,682672837721	76,8149992876802	0,55663033665228	0,189842652292367	3457	504	32,4974342369969	5,1906255072903	19,4756147959576	44,1984832419266	0,520833546030504	0,166000802268751	0,174423529411765	0,196078431372549	0,266666666666667	0,513725490196078	0,80470588235294	0,913725490196078	969,149063561103	437,513894666687	75,9646030572506	0,556124912015005	0,216010605358087	0,359360477936206	0,541384824367115	0,534103212344254	-0,919397941602173	-0,554899980860895	0,368209786597955	1,2355300134302	1,58302288544559	968,587510823641	437,764219173669	81,6180403699247	0,547505888184307	0,185218522031651	0,003317433317891	33,5029148853478	0,388374054856547	28,3884022999461	0,226474673350518	33,5022930431403	1096,85924823216	1,55219830278436	2,58832253992482	33,5029148853478	1,09724244563396	0,041974636496833	0,32409414896154	0,003264748528393	44,9858552631579	0,179926653843346	28,4279462160232	0,181086659088693	34,0450657894737	1122,96373149217	1,51449859658205	2,59234102126184	44,9858552631579	1,15828039504282	0,028164326919082	0,26716813339636
C49	regular	511,248406081412	461,45022069642	76,6419347666819	0,249085816043091	-1,2549040584394	4078	570	35,0137760199688	6,29558545169301	14,9406793574266	46,9723625872689	0,545188433391993	0,166888413580615	0,191865882352941	0,2	0,274509803921569	0,549019607843137	0,815686274509804	0,898941176470588	512,025438497467	460,902754455529	75,7529976592795	0,252087393754264	-1,37961554998442	0,369001372891429	0,541130810366166	0,54337334888347	-0,95494852963046	-0,549200289683937	0,403641369072141	1,21239354746605	1,55519482777461	510,148824304687	462,072171874107	80,6844903153902	0,163618298217791	-1,41457203236097	0,003323394309309	33,4577751510376	0,386456516667885	28,2660178617903	0,235957759153829	35,1000131337011	1201,11813975732	1,55136422705814	2,58831674169876	33,4577751510376	1,09774425544778	0,040702361786031	0,319309629400825	0,00295952926186	44,1536558548653	0,212804717360066	29,0449189855357	0,186187543593781	35,0942825728422	1194,73536587725	1,52779115967886	2,61472775718262	44,1536558548653	1,15593873051089	0,025202816489331	0,254088888544786
C50	spiky	850,879120879121	463,071690214547	54,3911640744872	0,434374227911328	-0,512640646836637	1911	381	24,6365254530564	3,52987018865493	14,8675341704456	32,545691727165	0,520343522024194	0,153934544189143	0,162795294117647	0,215686274509804	0,286274509803922	0,513725490196078	0,796078431372549	0,898039215686275	851,419247848686	462,824538778858	53,7594976635262	0,439971477541041	-0,502678140889619	0,382483191302382	0,535914333939515	0,529453424280305	-0,865107580721467	-0,495524344473465	0,391449061712111	1,27744054845951	1,61421283009581	851,428440103774	464,264835897099	60,0829559826475	0,498343355423049	-0,555764746910903	0,003811204426731	29,5297072330654	0,382760345024015	24,92077938853	0,233271860048578	33,5121986222733	1089,54938424539	1,52163792189891	2,53253141718616	29,5297072330654	1,07143468043694	0,042025265505045	0,320957469385038	0,003661196069853	38,4910988336403	0,198219326764135	25,0035087639964	0,180948334237491	34,0748925721301	1119,43380465916	1,48791866480308	2,52698338374629	38,4910988336403	1,12402500051066	0,038700215131948	0,308079935751324
C51	spiky	615,783783783784	466,71509009009	50,8163255990279	0,372402276877032	0,954974371320427	1776	260	23,5021346377341	2,24311082384347	17,0035868996991	30,3833020650933	0,533222928811164	0,155407627928323	0,180237647058824	0,231372549019608	0,294117647058824	0,525490196078431	0,796078431372549	0,863725490196078	616,648385413647	465,731301193444	50,978724420851	0,413881395164227	0,94569743602846	0,36207985528198	0,4265885250478	0,429989981092069	-0,574942862148721	-0,326089062253751	0,361576725932171	1,08465887389808	1,37959221685787	616,596066439618	466,030019793029	53,8788302287651	0,396462317621159	0,92642657589194	0,003783723973145	27,5077578338911	0,420754599497917	24,7444767019712	0,231910613042559	34,4466078491025	1151,45141370836	1,52273710560748	2,51520598849656	27,5077578338911	1,05936166911698	0,045261188882544	0,331586451977893	0,003999020098194	33,1361022364217	0,277187878638461	23,921656442344	0,195117859356848	34,2121405750799	1129,56001540514	1,48585921174457	2,49138305563713	33,1361022364217	1,09483442249264	0,051331606611052	0,35072254221152
C52	regular	104,42188863676	494,595566416478	94,4951405924327	0,412476039231326	0,430692479139843	5729	763	42,0671003934079	6,08989311813105	25,5535502578993	58,3485228338341	0,539691764295175	0,172372728897226	0,203494117647059	0,207843137254902	0,270588235294118	0,541176470588235	0,819607843137255	0,913725490196078	105,868029369648	494,249753625229	92,8005989509526	0,426102803478278	0,458480971208037	0,360175500734049	0,5206054574888	0,507097423160672	-0,911662477245082	-0,532817301110904	0,379333244058175	1,19165476303835	1,51492295015938	105,706368580455	494,656086608951	99,1882904786041	0,426682035772946	0,418848785967389	0,003180935459032	33,8794170025307	0,417665313485078	30,0893001800109	0,237036317459418	34,7856875058581	1185,71636433277	1,57065204576482	2,59638588548868	33,8794170025307	1,10148578543539	0,048335888454684	0,347390714195074	0,002880351827944	45,2064617809299	0,228720830699098	30,3061601948259	0,190719784498704	34,6276595744681	1166,72781218757	1,54126307697689	2,62667075077285	45,2064617809299	1,16304852832983	0,026916697125663	0,262979225243634
C53	regular	392,718091963902	484,623549634723	58,4998760506521	0,268700462311856	0,947643523909377	2327	474	26,8422707527632	3,45166965154198	16,8571935784777	35,5370549556421	0,518220042636737	0,156507410375756	0,174423529411765	0,197098039215686	0,271764705882353	0,513725490196078	0,778039215686273	0,886274509803922	393,295456319267	483,922043290494	58,1019806883432	0,272372778589449	0,731522462400648	0,375452032938774	0,527373982924781	0,510368787087049	-0,839547067780668	-0,530236700855498	0,390260438378823	1,23989480601064	1,61853123947533	393,248187667255	484,358210062335	61,9471357481085	0,324486452589769	0,235274148426094	0,003741268780286	29,5193844685673	0,399950456084794	25,5974559666853	0,243070581528097	33,3903137301682	1083,89317366154	1,53089229374903	2,54117656520408	29,5193844685673	1,07034023144742	0,046564090449249	0,337782916313653	0,00359662330456	40,4826707441386	0,166394749338461	25,2816793152466	0,177363036321665	33,4327217125382	1077,31321718194	1,48480831173698	2,54202030744429	40,4826707441386	1,13510443906584	0,037750771517771	0,305251190185731
C54	spiky	235,16875	494,084375	65,9072297992837	0,596879466069784	1,48969922395828	2240	437	26,8368352745252	5,85877281385232	5,2219845091261	37,9397512988801	0,533378851540616	0,156736055167964	0,168609411764706	0,215686274509804	0,27843137254902	0,533333333333333	0,792156862745098	0,892588235294118	235,742458955052	493,492683791431	64,8678801743725	0,589771709538221	1,42435637031643	0,380519845938438	0,538583068970499	0,523715973277312	-0,986945503308822	-0,547224267938061	0,425434293736841	1,18514187666107	1,58882010795975	235,591021638034	493,355846555665	69,2015021991488	0,533177256808633	1,37598628007968	0,003705000867181	29,5114038297353	0,389665857600314	25,1764320390989	0,233678973401241	34,3537016709355	1144,81607360707	1,52655209500657	2,5406009354574	29,5114038297353	1,07238926417179	0,043542293770441	0,326995085886656	0,003800054820463	39,5536368393511	0,179166386478811	25,0935776677535	0,195778244423417	34,1868131868132	1126,0893817845	1,48713875490427	2,523986190506	39,5536368393511	1,1332083906809	0,040333166197164	0,314134661572753
C55	regular	714,794268919912	516,235366152339	84,052214867928	0,509334596876	0,30333156923719	4083	706	36,1284050767408	5,5569782910231	21,6842845683451	48,4023649606595	0,527744401703861	0,16906669856742	0,19768	0,184313725490196	0,25921568627451	0,533333333333333	0,803921568627451	0,886274509803922	715,078330169673	515,635215089477	82,6366051542575	0,492944676203511	0,370486053150313	0,371801897080363	0,556974244309427	0,56391079450102	-0,91641373348241	-0,586312098753421	0,378600264156143	1,2742103788143	1,6164349657491	713,33763127177	516,428084221887	86,7569559327025	0,387500854239133	0,397828738953908	0,003241717689345	34,1368019284853	0,392852157602869	29,1124295803369	0,232502304768563	33,9801124949779	1129,49350084926	1,55819730700058	2,59124943162281	34,1368019284853	1,10254858553989	0,039905813081025	0,316442062114605	0,002950481023853	47,2570861678005	0,157761146764167	29,0544444050769	0,183964519858104	33,9146825396825	1114,60574773065	1,51645641110972	2,6075531484267	47,2570861678005	1,16965271033429	0,018376550258023	0,217281780821042
C56	artifact	211,356932153392	497,436578171091	24,0107519202901	0,254421519667516	0,281757077586699	339	123	9,94392824670692	2,89703243684554	2,08017309387205	16,7432150491407	0,454346694429984	0,16014309947315	0,162795294117647	0,175529411764706	0,230588235294118	0,435294117647059	0,76078431372549	0,865019607843137	211,13186169671	497,255983297688	23,1002730925909	0,176351057331307	0,902453254301826	0,329564193908998	0,619107662476071	0,563683481780666	-0,856020316009052	-0,623879780198393	0,253249929692859	1,49700840512075	1,93612360933949	209,150010693853	497,812553651811	22,3134078316817	0,575221096882158	1,36272289535245	0,005270393256836	32,2283464566929	0,36016859092506	26,1850299935168	0,262052454256175	30,0061242344707	880,6244503752	1,50853351423916	2,43118287898052	32,2283464566929	1,08216780195481	0,096835755745131	0,468161290930532	0,00585798816568	47,0884615384615	0,078043425087878	26,5372448224852	0,185171826975962	29,2576923076923	828,742981303407	1,4425442125998	2,30830069159681	47,0884615384615	1,1360952862675	0,151508100450706	0,561281837267397
C57	bald	1006,91259259259	512,696296296296	48,9891425115935	0,551736600444019	1,44249645594901	1350	193	20,8617740835716	3,10965422999259	11,914521009854	26,3824474054532	0,491819898329702	0,129128263509017	0,139538823529412	0,231372549019608	0,286274509803922	0,47843137254902	0,713725490196078	0,800078431372549	1007,6614651318	511,960380133366	48,6222126492403	0,542655602555266	1,43249530274474	0,347212788248834	0,336460425178755	0,316371165549118	-0,525948881338615	-0,258645050855583	0,36121647697789	0,870961922411171	1,07401098790449	1007,48554915231	512,12596825821	51,2372033031854	0,540864887010079	1,42096064667386	0,005466799827046	22,78095818108	0,310617896629155	17,5227368607976	0,246992437065925	31,6782379212343	958,174604532214	1,43150892006617	2,3894795697907	22,78095818108	1,0198571028315	0,032916246202108	0,277227134322416	0,005414067263591	29,7409012131716	0,190125503917992	19,3614259722043	0,226108321101809	31,8396880415945	968,596042923091	1,4276634419818	2,38654066485943	29,7409012131716	1,07118447540261	0,048019236072726	0,332847571546201
C58	regular	914,836621143146	523,253920080931	61,9165868267668	0,530330255207293	0,495030614648287	1977	517	24,1018573643196	6,68888835875931	0,6823687366609	34,0468652205764	0,505461830660438	0,141253663265683	0,151167058823529	0,215686274509804	0,274509803921569	0,498039215686275	0,737254901960784	0,836235294117647	915,385851244599	523,268094073879	61,7343925970984	0,554357365407338	0,48400707634971	0,385890889008517	0,462258442178717	0,463290262800192	-0,772406626114504	-0,428168801587336	0,414378438728878	1,09449165343433	1,37620248450205	915,166816553678	524,453080105922	66,1573637772251	0,57343696615281	0,517374621124748	0,004307070814987	27,2207014542344	0,32931457384479	21,2931958804294	0,242070224699749	32,4248645566011	1011,67933419786	1,47769583100714	2,47608060084911	27,2207014542344	1,05860302088032	0,033259418869681	0,283434072335282	0,004357420242404	35,2038295243978	0,113517196412706	20,8559009728895	0,188267017130963	32,5960469425571	1015,54470024478	1,42996079306416	2,46093446227372	35,2038295243978	1,10413667541359	0,030665497326297	0,271620313634314
C59	unidentified	11,9612299465241	522,012032085561	43,2546057194956	0,822707224670558	1,49714860971511	748	205	14,8912021932682	3,92954121314531	6,93426087085739	22,9006565710698	0,502831078955646	0,125522277872418	0,133724705882353	0,266666666666667	0,309803921568627	0,490196078431373	0,720196078431372	0,796078431372549	11,8863830674591	521,637576895006	43,198963144373	0,824487343173675	1,48184198711884	0,372550711081886	0,450354818622433	0,484886232652551	-0,621439286882695	-0,402998932038161	0,387541174776859	1,07411060602575	1,27408466385013	12,4092149361145	521,891575344973	45,970715680008	0,829245639443962	1,5297822917444	0,005530496248529	20,6362235067437	0,364407999750546	17,2338603212789	0,265994148848194	32,4258188824663	1005,00968096312	1,43048918290115	2,35174652513412	20,6362235067437	0,995371136350687	0,047972291254178	0,330394805784711	0,005891328638894	26,2905844155844	0,13374571670152	16,1748654652977	0,199138855200627	32,6282467532467	1011,3670427296	1,371916749806	2,30658814312293	26,2905844155844	1,03866415945006	0,048075322807966	0,327725424572115
C60	spiky	341,122102009274	560,993817619784	48,0201084289855	0,450648885485539	0,146900926048613	1294	422	18,7385587926042	5,67660324158873	0,482325001494108	28,4428491994459	0,517804648907476	0,133227402582827	0,139538823529412	0,235019607843137	0,300588235294118	0,509803921568627	0,749019607843137	0,87113725490196	341,511974716142	560,754418822428	47,9703678050594	0,461471873725914	0,170127484471869	0,43263542206037	0,481273884697465	0,463477142395678	-0,575175959810456	-0,323819993820333	0,422008778671978	1,23349777586433	1,62251000567461	340,940263779815	562,259516375334	50,2392486888051	0,429134738327337	-0,085512173538331	0,005311841644091	23,1313835770529	0,357455542395975	18,9998312204788	0,253215837374653	33,2861642294713	1062,03404055606	1,45589405702071	2,41528294606454	23,1313835770529	1,02216851017025	0,041799304370294	0,313008305097554	0,004869017698981	35,3599221789883	0,060625051691296	19,8209842314039	0,200259180788462	33,1653696498054	1048,41184211545	1,40867228737781	2,4103412644026	35,3599221789883	1,1032641596352	0,052030473879962	0,347585796513085
C61	regular	464,891363022942	581,186459739091	81,9477807738858	0,395385989297115	1,05088626201662	4446	511	37,2159222994294	5,54259544666173	19,6737670885389	45,4252829234471	0,538338052269941	0,165261606579163	0,186051764705882	0,192156862745098	0,270588235294118	0,545098039215686	0,807843137254902	0,898039215686275	465,85757049465	580,406717677322	80,9497844856942	0,38573908605513	1,03694547109169	0,350439999635223	0,54719303827808	0,527830896748439	-1,03557606892068	-0,596592118386226	0,369901923357974	1,20773258343061	1,6444769810959	464,778150756825	581,90652755582	84,5165263589098	0,318619065337022	1,34156472267208	0,003452922402876	30,5146240803876	0,427605048664594	27,6552177034379	0,23777527482219	34,6710927687063	1172,87121441967	1,55365072246262	2,5770713989011	30,5146240803876	1,07759644391578	0,045949220480932	0,337849440643503	0,003109275725383	43,2006946167204	0,185060951210244	27,5054758885815	0,184988638018695	34,7179359960308	1165,59251184249	1,50993541025503	2,59571587877261	43,2006946167204	1,15059152431164	0,023638215236785	0,245364102817045
C62	regular	604,567347710935	600,957245554294	90,6983376697098	0,444312456067615	0,763773073581076	5286	556	42,1005943753706	6,02949082997475	25,5978503350028	59,4037666796478	0,525508743035618	0,171173695171687	0,186051764705882	0,19156862745098	0,258823529411765	0,517647058823529	0,819607843137255	0,914901960784311	605,788759495672	600,141345579651	88,7425194979518	0,452576410598659	0,567311722858082	0,336791260006099	0,496074983134234	0,498976276004869	-0,85826046542442	-0,529302734184764	0,35897182661979	1,11233150452299	1,40850745216519	605,931473817545	601,264392302334	93,2038867610478	0,390648538500971	0,709505749862884	0,003047570660232	34,8186771984202	0,394306112847512	29,7428005606188	0,216978783932113	33,8963155526671	1125,51016767413	1,56432454329565	2,61639052440463	34,8186771984202	1,10771891340703	0,037794703574821	0,309640857658606	0,002924030219704	42,8419859909353	0,267864545367149	30,2582374749356	0,189580514672926	33,9004944375773	1121,01333638448	1,54585995539412	2,62955809264031	42,8419859909353	1,1515916672002	0,027954897403555	0,268029698540225
C63	spiky	180,014740566038	575,212264150943	49,1471276258387	0,244413411762209	1,32040410710746	1696	272	23,0532740236333	2,48611916791107	16,906369423911	28,6594154128034	0,493724565297817	0,141456299426887	0,145352941176471	0,227254901960784	0,274509803921569	0,482352941176471	0,733333333333333	0,850980392156863	180,872582261645	574,82474265429	49,0163079155808	0,281684214665968	1,27955596924594	0,336974187108011	0,430424265818308	0,382318586420685	-0,767322611293966	-0,373553206476839	0,335344354164794	1,04648858220587	1,44648306563991	180,120473382936	575,424982287395	52,1876272381296	0,31202689208808	1,48034236020758	0,004588447205631	24,5626504091128	0,389866809860231	21,1289249675852	0,241812449521095	31,8637895074603	978,835083001283	1,48481596423381	2,45284086372593	24,5626504091128	1,03411452459321	0,044442344148044	0,324803507170756	0,005052113854794	26,9819277108434	0,234774274097029	18,6300448335063	0,223142511728638	31,9230254350736	973,378131231651	1,4297494613697	2,40190534685172	26,9819277108434	1,05475678604557	0,045307404014138	0,324609456845061
C64	spiky	261,75073313783	573,191593352884	43,4178388972877	0,588607605588175	0,978340912530372	1023	232	17,3790120163311	3,74814193583662	4,88477517778	23,9514378141489	0,51647403829567	0,145866363377907	0,162795294117647	0,215686274509804	0,286666666666667	0,505882352941176	0,763921568627451	0,822666666666666	262,301068804275	572,53596081051	43,1585399703132	0,605009855648567	0,962587933119936	0,385537431197616	0,456853928752761	0,4742204511334	-0,667268193599266	-0,342180069006285	0,37877122961124	1,12184117100409	1,40090833806934	262,106937154489	572,487810958749	46,9026450818104	0,643496805038237	0,992129034325606	0,004510980124291	24,7197817189632	0,403762006506227	21,7297941331388	0,248327585564898	33,5765347885402	1087,58436003602	1,49250503505651	2,45425981832874	24,7197817189632	1,03369397248446	0,054670536761761	0,358963380860527	0,005378341095911	34,8084606345476	0,193709311355049	22,5855529058921	0,216690553074983	33,6662749706228	1089,00109419321	1,45653508958394	2,40207845180159	34,8084606345476	1,1076480346071	0,078820972753325	0,422957637457808
C65	spiky	989,917073170732	575,522926829268	48,0519309893773	0,640451877039304	0,375964205408248	1025	313	17,79044983043	5,04170077579697	1,61205459065947	27,3575543626645	0,507470109995218	0,125022644023204	0,127910588235294	0,245019607843137	0,32156862745098	0,490196078431373	0,725490196078431	0,8	990,218192098914	575,041661640531	47,579244274645	0,642649404217881	0,365044061639391	0,438268472634824	0,445905314451784	0,43195228989938	-0,528389371621505	-0,290413423253185	0,436467592607079	1,1718866904128	1,56432789225983	989,007905875491	575,351072931733	50,596303284753	0,624175604863156	0,235572110156218	0,006226478202228	18,0090497737557	0,433688908163034	16,9003152448762	0,278408473524475	32,8676470588235	1033,35020963704	1,43902955134658	2,34172925917209	18,0090497737557	0,969020036602008	0,057182845002573	0,358843840214497	0,006281832824423	26,3042394014963	0,197433912429706	17,3875846543243	0,243515646760177	32,7032418952619	1019,32462048332	1,39703610044346	2,31999912539721	26,3042394014963	1,050244796501	0,066906286842643	0,385179215545538
C66	spiky	807,142788920726	589,792741165234	54,7348440882405	0,276321100926724	1,21071308220703	2094	318	26,092397166416	2,65496532634692	18,2260331309725	32,8290729707524	0,5320036706182	0,1506676785798	0,168609411764706	0,235019607843137	0,290196078431373	0,525490196078431	0,785686274509804	0,878980392156864	807,767715454424	588,827537895055	54,2985270921126	0,279951154475419	1,10730324585053	0,361924451132537	0,44760239559775	0,441542384282617	-0,663803376794197	-0,394178491987527	0,368471655157285	1,08978111332967	1,41930152244415	807,557978395319	589,370525232944	56,6328204482101	0,203724464487903	1,17678221924242	0,004053661324962	26,7278735259816	0,398881780002627	23,2317945429252	0,238855223077409	34,3676299079953	1141,98226690004	1,50757874774421	2,49988050509301	26,7278735259816	1,05295944195211	0,04102466527483	0,315292542142764	0,0038528	35,2096	0,247272823993563	24,3880223288889	0,192079859331028	34,2901333333333	1134,20101081764	1,48985099457771	2,50412718502745	35,2096	1,10722207080962	0,039218433091413	0,30873681521003
C67	unidentified	14,6567272727273	603,873454545455	60,5363513628135	0,835642562135886	1,51079187690464	1375	282	20,6659941656459	6,16284763564762	9,66090871946582	33,3026073114367	0,552721568627451	0,139327120928912	0,151167058823529	0,266666666666667	0,32156862745098	0,556862745098039	0,774901960784313	0,871607843137255	14,5035655682721	603,857980990516	59,4136336330633	0,836130830384091	1,49649215869734	0,42095658154518	0,507558144135964	0,489974220379252	-0,747116467044664	-0,437350311849903	0,436078812958871	1,18715203244789	1,60669459977856	14,1941412691794	604,313214021126	63,8814500851797	0,83489484415265	1,49039140869924	0,004859473333473	24,8151191454396	0,346863830738695	19,9968955275477	0,25152627642824	35,6655710764174	1220,74774906105	1,46651719920758	2,43504806372123	24,8151191454396	1,03498835443803	0,041232098880383	0,312147303132744	0,004782823051489	35,7328042328042	0,111658876323669	21,1120961759189	0,207352794594825	35,2089947089947	1185,91471297741	1,42735572408847	2,43374456978879	35,7328042328042	1,10908883111354	0,050324880632229	0,343608926081233
C68	spiky	90,0728831725616	590,491961414791	41,3419292262773	0,546075505158257	-0,001462095070024	933	208	17,9602324883058	2,30156256447501	12,9142204370625	23,2521333404412	0,482348737994662	0,120581034037517	0,127910588235294	0,228705882352941	0,290196078431373	0,470588235294118	0,690196078431373	0,763450980392157	90,5815193711985	590,197572282542	41,3901738283718	0,568440891258586	-0,020924897720311	0,392154280555704	0,402448103279049	0,392378860722215	-0,419051204648789	-0,255627545583153	0,374012702282632	1,07186030613934	1,33022208172072	90,0345890620246	590,466413445386	45,0294890544869	0,598261357328025	-0,218268699658034	0,006779316525161	18,1376899696049	0,37365217301877	15,4789278323371	0,284254072960824	31,2057750759878	927,629871195471	1,40893212516958	2,3098374834389	18,1376899696049	0,969105163623818	0,051965125948919	0,340502952385828	0,008068691528899	21,4169934640523	0,163168675015746	13,7964816950746	0,247125310592809	31,2601307189542	924,933478305613	1,34083017583714	2,22742460259624	21,4169934640523	1,00040534199522	0,04566717122375	0,314423597691495
C69	spiky	726,004310344828	604,906609195402	45,6564765254338	0,438504213931988	0,352333590244557	1392	244	20,9481021646658	2,30139940922503	14,5535839560618	26,3350776373046	0,48549414018481	0,136201897602522	0,145352941176471	0,207843137254902	0,262745098039216	0,482352941176471	0,713725490196078	0,819607843137255	726,780747514957	604,411197056827	45,3598790329376	0,422926218603781	0,350974790614657	0,333726280230182	0,424367884237091	0,395079637795076	-0,720223893142665	-0,405474088791684	0,345309839242827	1,03314655930365	1,27658581173351	727,034445628928	604,576311463406	47,5758227024418	0,343451889716848	0,31876935126186	0,004955636704628	22,7085949764521	0,397235640710771	19,8370418941411	0,249630885379114	31,2835557299843	941,29399300909	1,47324844527188	2,42759735736768	22,7085949764521	1,01777198865938	0,04562993926912	0,327365947352883	0,005460783079441	31,0098199672668	0,173300264249884	19,7551892339301	0,228646619785623	31,2471358428805	933,116878471525	1,42925628206883	2,38830283741352	31,0098199672668	1,08162248289913	0,046362680208451	0,32736389728241
C70	spiky	890,947826086957	610,611014492754	59,9527626424982	0,584562916498989	0,568753024176493	1725	407	24,0192322830471	6,29259192010079	0,503709473870868	33,0197716570794	0,515666950838306	0,147208337567689	0,156981176470588	0,204862745098039	0,270588235294118	0,509803921568627	0,76	0,843137254901961	891,117793580186	610,40050875329	59,0181638864011	0,57861683536426	0,580999429996011	0,383524900486586	0,491827069609308	0,477784348023815	-0,778416666900493	-0,505781228059158	0,400106563375562	1,16012737019213	1,47262485753388	889,786875254412	611,659150128941	62,8539778934651	0,566589788896689	0,554286815145958	0,004204586582861	27,745253934772	0,361620475186815	22,731002371114	0,247299677908855	33,2516631510628	1067,48141438832	1,49788134733687	2,49401452475041	27,745253934772	1,05708599153133	0,044637756414752	0,328062224538926	0,003942005729886	40,3303261623872	0,115990469161017	23,8110245169592	0,191061368896113	33,4031922276197	1071,18736919795	1,46147033770748	2,49152254120883	40,3303261623872	1,13498635361532	0,04113413687395	0,31519861781319
C71	regular	363,907097835023	657,771444231296	72,9838325497813	0,323248534795541	1,29298271705466	3649	595	33,4889564812997	5,12035645953259	17,8586272442859	45,3881057864533	0,511034449405961	0,158074574368287	0,180237647058824	0,196078431372549	0,258823529411765	0,509803921568627	0,770980392156862	0,858823529411765	364,62763950664	657,566777073278	72,6549758046799	0,311843194760662	1,09075680843811	0,350804844522725	0,525411543401157	0,498385419995796	-0,920378311789687	-0,569199095625599	0,375816510449576	1,18933046052144	1,55305002211864	364,293250227506	659,297312215507	80,3974711391421	0,404020992017634	0,936239038760039	0,003512966527659	31,5831727205337	0,365855472028753	25,9021881664534	0,234753785607989	32,7926612305411	1045,47810843838	1,52842401782314	2,5529736035386	31,5831727205337	1,08710684552638	0,037522457283939	0,304977730685949	0,003278209567541	43,448773006135	0,13189460487275	26,0250564332493	0,183129023642118	32,6598159509202	1028,41992522962	1,48661475978881	2,56825934486618	43,448773006135	1,15301309049286	0,021312793311612	0,231999346453847
C72	spiky	684,576374745418	658,831975560081	44,588763906721	0,571192056679365	0,789159742030421	982	314	17,7454519801104	4,53236017121158	5,16473423274772	27,8828181817874	0,491501936823609	0,120660318540583	0,116282352941176	0,223725490196078	0,305882352941176	0,482352941176471	0,698039215686274	0,800745098039215	685,241019849363	658,515352177905	44,2138681020538	0,60143264919895	0,818780535213985	0,392464430083259	0,410790502226664	0,364973837362655	-0,473479255505489	-0,264697955416019	0,378751514552437	1,0530086750568	1,56324513386481	685,322864945294	658,454868574791	47,2733442588617	0,629708011007221	0,910673358318636	0,006587606497307	17,2766459994095	0,418476552671406	15,8546426449138	0,275440268585844	31,9604369648657	974,699511625754	1,42263109991347	2,32255413000608	17,2766459994095	0,958652521979108	0,058313090420406	0,360845324647854	0,006318357501165	24,6753926701571	0,209403116404353	16,6055463803075	0,235156130523445	32,196335078534	986,479787882353	1,39482545593145	2,32933277898694	24,6753926701571	1,02708562666347	0,057433701839111	0,358709767048103
C73	spiky	241,557351809084	654,603541185527	53,9513536244163	0,645399964962767	0,662984545199325	1299	349	20,9376941079445	6,04199201195336	2,63622928563315	34,1413481466462	0,528406466512702	0,147536175423384	0,156981176470588	0,199921568627451	0,278039215686275	0,525490196078431	0,765098039215686	0,843137254901961	242,268693724576	653,929801407743	53,5074651005872	0,637833981438577	0,636615141841831	0,433690794886072	0,570327382561069	0,585738929418577	-0,810079568264812	-0,539982170021813	0,445984072690277	1,3746050074245	1,70403833885674	243,367585166955	653,451199994896	56,7733854014859	0,58005904017105	0,643930760386146	0,004725657290491	20,0050295211021	0,531841655892628	22,3656658830301	0,269278470247676	34,2315766455281	1135,66708045654	1,51752085225291	2,44533282867697	20,0050295211021	0,991836074052456	0,073703668597151	0,413111017145454	0,004863732256641	29,0662251655629	0,273173186648103	20,9952895460189	0,206801363461026	33,957426679281	1107,03488963779	1,45942740826012	2,40929215587277	29,0662251655629	1,06574265764793	0,048854351121229	0,33713094892631
C74	artifact	572,063061353574	692,24908285895	1519,42696976004	0,998325111402497	0,006225431547736	15810	3786	305,564488041097	150,105979614507	2,88990093207513	525,340456831995	0,559516315064925	0,169051969275742	0,209308235294118	0,207843137254902	0,27843137254902	0,56078431372549	0,788235294117647	0,87843137254902	575,642826363934	692,976230184801	1512,53328593134	0,998236980014679	0,004300995970448	0,553833275821825	0,701471873737414	0,626474056018735	-0,883335367109408	-0,50462491233169	0,473878670585845	2,05549731428354	2,14886002688192	548,803893655915	701,582010505695	1414,29724216183	0,997888337468839	-0,000833775011891	0,011890688583122	28,147969155325	0,488858484365741	28,5344188393666	0,310355713860023	35,6254575175012	1245,1750408006	1,51995452167282	2,45809636499935	28,147969155325	1,0611366038968	0,089247336715183	0,45296347483891	0,004758842783167	41,8413117811626	0,230816356044034	28,1985189167375	0,217903078294018	35,0212931302456	1189,84110353156	1,51176702727343	2,56494394268859	41,8413117811626	1,15034901298874	0,028686482962502	0,268200812127456
C75	spiky	778,250327653997	652,484927916121	41,224698630805	0,717482016273395	0,693088247929182	763	171	15,1877506876196	3,9985878191488	2,96445086781856	21,4103247064454	0,485395626140364	0,119400302714716	0,122096470588235	0,25043137254902	0,309803921568627	0,474509803921569	0,70156862745098	0,770117647058824	778,634512552811	652,137037939031	40,8574388285377	0,729135538569155	0,697693307988746	0,365547842776618	0,400068138985979	0,430521507857084	-0,510017256192763	-0,268118747151877	0,372802395522457	1,00409422497984	1,33437281470576	779,310678245818	652,087465295518	44,2101987046718	0,762257678629613	0,815771897965103	0,006672313223962	18,5342066957787	0,339678532679841	15,0342300023942	0,270125346404836	31,4090247452693	938,462017673207	1,39470642285175	2,30220015381003	18,5342066957787	0,979488508456983	0,040322943173142	0,300652736732005	0,007978649241523	20,1737804878049	0,17554176420591	13,2345678725461	0,250596320156673	30,7774390243903	895,847210326029	1,3311706814635	2,2182340179993	20,1737804878049	0,987706354583888	0,05906238518722	0,355365869620433
